company,ticker,rank,total_score,valuation_score,reverse_dcf_score,normalization_confidence,confidence_reasons,size_bucket,discount_rate,reinvestment_roic,net_reinvestment_rate,ebit_margin_3y,ebit_margin_5y,reported_fcf_margin_3y,reported_fcf_margin_5y,operating_cash_flow_margin_3y,operating_cash_flow_margin_5y,negative_fcf_years,fcf_margin_stddev,material_window_disagreement,material_aggregate_investing,revenue_growth_status,revenue_growth_implied,ebit_margin_status,ebit_margin_implied,terminal_growth_status,terminal_growth_implied
Guldbrev,GULD,1,91.7,91.8,98.4,medium,,micro,0.138,4.162254028320312,0.005280304710298184,0.18546809747845852,,0.15112068509805993,,0.17357403393772797,,0,0.05297741529869248,False,False,outside_bounds,,solved,0.06739255785942078,outside_bounds,
Zinzino,ZZ B,2,87.5,86.4,46.0,medium,,small,0.133,0.8707095336914062,0.014001924265813937,0.1147158704693755,0.10288277593476151,0.1223557537785692,0.10306449876596371,0.15005135653746154,0.12774621221473714,0,0.04719692151469371,False,False,solved,0.16070992946624754,solved,0.10689462535083294,solved,0.02658447265625
Betsson,BETS B,3,75.9,94.8,93.0,medium,,lower_mid,0.128,0.18513399124145508,0.1265028929097952,0.22171356644809506,0.2071927122023088,0.12771351892853333,0.13132710820724766,0.22174837728984886,0.2226621963199942,0,0.033717196230797615,False,False,solved,-0.016658148169517523,solved,0.13169547729194164,outside_bounds,
Micro Systemation,MSAB B,4,73.1,42.8,0.4,medium,,small,0.133,1.1384369659423828,0.006388347511193128,0.12077294685990338,0.11018490451652015,0.1454729624435094,0.12367384055774477,0.1713417484805984,0.1414064868141861,0,0.05174193319526007,False,False,outside_bounds,,solved,0.35260434448719025,outside_bounds,
Generic Sweden,GENI,5,72.2,62.2,35.2,medium,,micro,0.138,1.2322059631347657,0.01665551413874713,0.19893101059091362,0.19934749762665632,0.1803622686330793,0.16495741352337912,0.16951400574086906,0.16141411170091857,0,0.03412759110883593,False,False,solved,0.1616547584533691,solved,0.22336769104003906,solved,0.038771959543228145
Nordrest,NREST,6,70.6,37.2,30.3,medium,,small,0.133,0.4876564025878906,0.022118691995991813,0.09102381239421889,,0.04376069553672219,,0.06913563623667413,,0,0.011413361009354405,False,False,solved,0.2065177261829376,solved,0.1104372264817357,outside_bounds,
Clas Ohlson,CLAS B,7,70.5,43.9,2.7,medium,,upper_mid,0.123,0.3828190994262695,0.020214192651404634,0.09935558949741799,0.08507967535765276,0.12842534002472908,0.11613725433830646,0.15819041384827986,0.14113126551106256,0,0.02552698183013691,False,False,outside_bounds,,solved,0.2005614647641778,outside_bounds,
I-Tech,ITECH,8,68.9,53.3,2.7,low,reported FCF is non-positive in 1 observed year(s) | annual reported FCF margins are highly volatile,micro,0.138,1.049561996459961,0.021524975178739594,0.2312839287968691,0.19064806685526614,0.27715355805243447,0.24126101518551032,0.28386567352606995,0.24930901050304033,1,0.14018943817228396,False,False,outside_bounds,,solved,0.3547317832708359,outside_bounds,
Hemnet,HEM,9,67.5,62.8,7.6,medium,,lower_mid,0.128,0.23185930252075196,0.15,0.4464617184122867,0.42438427192856115,0.37452640679431437,0.37197537087714244,0.39690289114348926,0.3874225838974507,0,0.016287288742717513,False,False,solved,0.2697068214416505,outside_bounds,,outside_bounds,
Byggpartner,BYGGP,10,67.4,72.6,2.3,low,reported FCF is non-positive in 2 observed year(s) | annual reported FCF margins are highly volatile,small,0.133,0.30655080795288087,0.0006693521359005555,0.005136283490827483,0.002904504580088627,0.012662624667322016,0.0021060399203728136,0.01632878184397394,0.012649586991175419,2,0.03804539180291589,False,False,outside_bounds,,solved,0.038137322291731834,outside_bounds,
Vuxen Group,VUXEN,11,67.2,60.1,1.9,low,reported FCF is non-positive in 2 observed year(s) | annual reported FCF margins are highly volatile,micro,0.138,0.2113821029663086,0.012599066393133301,0.045312267103890295,0.04275348107472054,0.06826650767625578,0.03000588350656992,0.07169473841108959,0.043930182388703665,2,0.05679319456138791,False,False,outside_bounds,,solved,0.13984206318855286,outside_bounds,
Lime Technologies,LIME,12,67.1,50.5,1.4,low,reported FCF is non-positive in 1 observed year(s) | annual reported FCF margins are highly volatile | aggregate investing cash flow is material and may include acquisitions or disposals,small,0.133,0.23184329986572266,0.09851513535317286,0.19606850083664767,0.19311039248906314,0.1229996176743678,0.08200653632955197,0.2611830247419302,0.2643708181408919,1,0.16930346625305248,False,True,outside_bounds,,solved,0.39892434142529964,outside_bounds,
Avtech,AVT B,14,66.9,39.9,2.2,low,reported FCF is non-positive in 1 observed year(s) | annual reported FCF margins are highly volatile,micro,0.138,0.6785713958740235,0.0431950922803793,0.29254901960784313,0.24734982332155475,0.23921568627450981,0.19434628975265017,0.23921568627450981,0.19434628975265017,1,0.14173114230355344,False,False,outside_bounds,,solved,0.43521761894226074,outside_bounds,
Karnov,KAR,15,66.0,81.8,1.5,low,reported FCF is non-positive in 3 observed year(s) | annual reported FCF margins are highly volatile | three- and five-year normalized margins materially disagree | aggregate investing cash flow is material and may include acquisitions or disposals,lower_mid,0.128,0.2092388916015625,0.0946070142515533,0.1848940089774526,0.1670503527403227,0.13105523987441947,-0.054107468527604265,0.1287849303339301,0.1631801578800322,3,0.5905737695470811,True,True,outside_bounds,,solved,0.35562803596258163,outside_bounds,
Plejd,PLEJD,16,65.8,28.0,0.2,low,reported FCF is non-positive in 3 observed year(s) | annual reported FCF margins are highly volatile,lower_mid,0.128,0.30885650634765627,0.06395167766862182,0.1716077929545924,0.1666826307156284,0.03443737572942525,0.008476909998682964,0.1607023540035879,0.14173082218843164,3,0.06657584011060186,False,False,outside_bounds,,outside_bounds,,outside_bounds,
Navigo Invest,NAVIGO STAM,17,64.5,79.7,5.6,low,reported FCF is non-positive in 3 observed year(s) | annual reported FCF margins are highly volatile | three- and five-year normalized margins materially disagree | aggregate investing cash flow is material and may include acquisitions or disposals,micro,0.138,0.051847891807556154,0.027083937065836738,-0.06035372571759931,0.03428346464029967,-0.021907799362133953,-0.11313752987602325,0.029022905189910117,0.03032096050541147,3,0.19402239593040094,True,True,outside_bounds,,solved,0.075630784034729,outside_bounds,
White Pearl Technology,WPTG B,18,64.5,44.5,85.0,low,reported FCF is non-positive in 1 observed year(s) | annual reported FCF margins are highly volatile | three- and five-year normalized margins materially disagree,micro,0.138,0.2689970970153809,0.06845777714502169,0.1591850600636023,0.15540036557077402,0.006520651876456766,0.10066310931877608,0.10197129403327324,0.18349029925984212,1,0.9436052337951509,True,False,solved,0.03752534389495848,solved,0.10984907299280167,outside_bounds,
Invisio,IVSO,19,64.2,28.6,0.3,low,reported FCF is non-positive in 1 observed year(s) | annual reported FCF margins are highly volatile | aggregate investing cash flow is material and may include acquisitions or disposals,lower_mid,0.128,0.2508057975769043,0.08020312108482737,0.19948560316165861,0.16975027638681148,0.08590008991489449,0.051716849840671125,0.14482571147774081,0.13417766794563307,1,0.10407134362205563,False,True,outside_bounds,,solved,0.4897058680653572,outside_bounds,
RaySearch Laboratories,RAY B,20,63.8,40.7,0.4,low,three- and five-year normalized margins materially disagree | aggregate investing cash flow is material and may include acquisitions or disposals,lower_mid,0.128,0.2186945915222168,0.07057538664774847,0.1876273363139984,0.13024856839199886,0.18917855607294107,0.15464538950841517,0.37323696286908215,0.3897086816516236,0,0.08232141865503158,True,True,outside_bounds,,solved,0.43088024482131004,outside_bounds,
Nelly Group,NELLY,22,62.3,65.1,0.7,low,reported FCF is non-positive in 2 observed year(s) | annual reported FCF margins are highly volatile | three- and five-year normalized margins materially disagree,small,0.133,0.35354061126708985,0.0,0.0790943926053763,0.02858723418102536,0.07590604615789628,0.029172971477847736,0.09854623102348846,0.0472820162379395,2,0.061454484662021074,True,False,outside_bounds,,solved,0.1320575401186943,outside_bounds,
Cedergrenska,CEDER,24,60.8,60.5,7.6,low,reported FCF is non-positive in 2 observed year(s) | annual reported FCF margins are highly volatile,micro,0.138,0.1584632968902588,0.017576025519503706,0.021790396195043752,0.023503417299982118,0.04401467928802803,0.022951034924602074,0.0603698968607786,0.061337082289126904,2,0.03510392670035665,False,False,outside_bounds,,solved,0.051248518750071526,outside_bounds,
Veteranpoolen,VPAB B,25,60.1,32.7,7.7,medium,,small,0.133,8.265056762695313,0.001081701157789924,0.10267967505849752,0.10478530800970688,0.08758817746451343,0.08758392087515024,0.08844479961365767,0.08902311125400945,0,0.010719901155105694,False,False,solved,0.2575588405132294,solved,0.1814754568040371,outside_bounds,
Apotea,APOTEA,26,59.9,25.2,3.7,low,reported FCF is non-positive in 1 observed year(s) | annual reported FCF margins are highly volatile,lower_mid,0.128,0.22799850463867188,0.014187823509404895,0.035174966387557946,0.029872209466711593,0.013263287945721746,0.010139183655038504,0.039208459434065104,0.03525615419617705,1,0.018028361704697144,False,False,outside_bounds,,solved,0.10103080607950687,outside_bounds,
BioGaia,BIOG B,27,58.9,32.3,0.9,medium,,lower_mid,0.128,0.5119401168823242,0.055594858304422415,0.3004040024428055,0.3081671268223875,0.24366984544557715,0.23315984622067623,0.25972659369568285,0.26789035007085366,0,0.06122405481420417,False,False,outside_bounds,,outside_bounds,,outside_bounds,
Synsam,SYNSAM,28,58.7,70.6,3.4,medium,,lower_mid,0.128,0.08818841934204101,0.09447958635508999,0.12061703963058812,0.11959441310770884,0.11990663216116101,0.11298012355627182,0.1699396153650987,0.1685132957292506,0,0.03683579069229344,False,False,outside_bounds,,solved,0.21752572804689407,outside_bounds,
Bonesupport,BONEX,29,58.2,16.7,0.0,low,reported FCF is non-positive in 3 observed year(s) | annual reported FCF margins are highly volatile | three- and five-year normalized margins materially disagree,lower_mid,0.128,0.4128425979614258,0.023862977633544565,0.15453730010095815,0.08313631798588975,0.09402995717722473,0.03506665252730663,0.10086058390599255,0.04296701994273559,3,0.2022365910390656,True,False,outside_bounds,,outside_bounds,,outside_bounds,
TagMaster,TAGM B,32,57.5,64.1,1.3,low,reported FCF is non-positive in 4 observed year(s),micro,0.138,0.11652170181274414,0.020790391617149788,0.04266800051535063,0.02925537211479099,0.022576904713184638,0.007204309640929641,0.11046692282624347,0.08230936211737996,4,0.05847712070007107,False,False,outside_bounds,,solved,0.14793261140584946,outside_bounds,
Boozt,BOOZT,34,56.6,60.3,1.1,low,reported FCF is non-positive in 1 observed year(s) | annual reported FCF margins are highly volatile,lower_mid,0.128,0.09852375030517578,0.025890050188034454,0.04755826402042329,0.04539779389412429,0.036605451700568226,0.016665219090632736,0.0581816684509594,0.06677215877013941,1,0.05385438992342661,False,False,outside_bounds,,solved,0.16985269077122211,outside_bounds,
Softronic,SOF B,35,56.4,37.0,14.2,medium,,small,0.133,0.3025040054321289,0.013673586261358235,0.11087567900758949,0.11231762736187516,0.08044072889779251,0.09330303755082517,0.09165157760912279,0.10279837359483378,0,0.03604348415149361,False,False,solved,0.15497353076934817,solved,0.16752193868160248,outside_bounds,
Cloetta,CLA B,36,56.1,43.0,0.8,medium,,lower_mid,0.128,0.10537420272827148,0.05371264240785955,0.10417076142930147,0.09597434426656933,0.0824717952749715,0.08006987537153883,0.10220527536459767,0.10369192261563331,0,0.02606967002517037,False,False,outside_bounds,,solved,0.2692824453115463,outside_bounds,
CellaVision,CEVI,38,55.9,37.8,0.3,medium,,small,0.133,0.15410550117492675,0.07780505143528452,0.2532091058958638,0.2579383361520879,0.16101098412580808,0.14574794092207458,0.2757191546112953,0.26525619952621143,0,0.023201862610076833,False,False,outside_bounds,,outside_bounds,,outside_bounds,
Cheffelo,CHEF,39,55.8,39.4,0.3,low,reported FCF is non-positive in 2 observed year(s) | annual reported FCF margins are highly volatile,small,0.133,0.17256580352783202,0.0010885638299301553,0.04479170826562303,0.007564322888525583,0.07903443318414027,0.03190784772355711,0.09015479419652321,0.05781478215098667,2,0.057779679164574146,False,False,outside_bounds,,solved,0.17091752216219902,outside_bounds,
Upsales,UPSALE,40,54.7,46.0,3.3,low,positive Börsdata ROIC unavailable for reinvestment calibration,micro,0.138,,0.0,0.18046270324988928,0.17912369310866827,0.12596748001771518,0.15768996788478132,0.20730961469515155,0.24389174200302757,0,0.07436199821238516,False,False,solved,0.2267229914665222,solved,0.3253641277551651,outside_bounds,
Dynavox Group,DYVOX,41,54.0,37.0,0.5,low,reported FCF is non-positive in 4 observed year(s) | annual reported FCF margins are highly volatile | aggregate investing cash flow is material and may include acquisitions or disposals,lower_mid,0.128,0.1351675033569336,0.07570396579684505,0.10541969596827495,0.09582780480613297,-0.02280237937871778,-0.058086392451717525,0.12491738268341045,0.12144331416777236,4,0.0974459395006879,False,True,outside_bounds,,solved,0.3420333191752434,outside_bounds,
Revolutionrace,RVRC,43,53.7,26.3,7.6,medium,,lower_mid,0.128,0.3440748977661133,0.05661200367837719,0.19759804841433665,0.21616735875502693,0.13829986864327265,0.13364073409397556,0.1418652655282417,0.13698109747311335,0,0.0678218935188711,False,False,solved,0.23250876665115355,solved,0.32556411623954773,outside_bounds,
Scandic Hotels,SHOT,44,52.5,59.2,0.1,medium,,lower_mid,0.128,0.015914369821548462,0.08513707804030722,0.1251000709937616,0.10776845321557876,0.24985272570729422,0.26710336312077515,0.29065148105070765,0.30737919343699643,0,0.03038763268674045,False,False,outside_bounds,,solved,0.3575168251991272,outside_bounds,
Berner Industrier,BERNER B,46,51.5,27.9,0.7,low,reported FCF is non-positive in 1 observed year(s),small,0.133,0.15710410118103027,0.019530462931146606,0.07679398881464713,0.06512690715343221,0.07956121634719117,0.05269550261970407,0.0963323960834141,0.07285082314559525,1,0.04209604005082474,False,False,outside_bounds,,solved,0.22400407493114471,outside_bounds,
MedCap,MCAP,47,51.5,21.0,0.7,low,reported FCF is non-positive in 1 observed year(s) | annual reported FCF margins are highly volatile,lower_mid,0.128,0.12398309707641601,0.11304201986582765,0.1430735776415229,0.1430911643871236,0.04603949807500357,0.04410005720526288,0.1658883502067589,0.14723854594622704,1,0.04768758873489597,False,False,outside_bounds,,solved,0.38151714764535427,outside_bounds,
BioArctic,BIOA B,48,51.4,15.5,0.8,low,reported FCF is non-positive in 4 observed year(s) | annual reported FCF margins are highly volatile | three- and five-year normalized margins materially disagree | aggregate investing cash flow is material and may include acquisitions or disposals,upper_mid,0.123,0.19792739868164064,0.15,0.4460010985419984,0.3593193939529346,0.0757611575017208,0.009147518903063735,0.49148282311387986,0.3963084367190217,4,2.115777746911058,True,True,outside_bounds,,outside_bounds,,outside_bounds,
C-RAD,CRAD B,49,51.2,26.4,2.5,low,reported FCF is non-positive in 1 observed year(s) | annual reported FCF margins are highly volatile,small,0.133,0.20826379776000978,0.06269990363324611,0.12923998502433545,0.121390937829294,0.06746536877573941,0.05316122233930453,0.10056158742044177,0.08540569020021074,1,0.038021575748515654,False,False,outside_bounds,,solved,0.26134181022644043,outside_bounds,
Engcon,ENGCON B,50,51.1,28.0,0.1,medium,,lower_mid,0.128,0.3522726821899414,0.0,0.18248712288447388,0.19544120965921913,0.12472406181015452,0.11475964793500339,0.15084621044885946,0.13665086887835703,0,0.06277019717842154,False,False,outside_bounds,,outside_bounds,,outside_bounds,
Catella B,CAT B,51,50.9,66.9,29.8,low,reported FCF is non-positive in 2 observed year(s) | annual reported FCF margins are highly volatile | three- and five-year normalized margins materially disagree | aggregate investing cash flow is material and may include acquisitions or disposals,small,0.133,0.10095339775085449,0.0,0.08314707197139025,0.136003600360036,0.11682312621069885,-0.057335733573357334,0.14841305319624498,0.09945994599459947,2,0.451703263179067,True,True,solved,-0.001202988624572761,solved,0.1651449054479599,outside_bounds,
SmartCraft,SMCRT,53,50.7,36.3,1.3,low,reported FCF is non-positive in 2 observed year(s) | annual reported FCF margins are highly volatile | aggregate investing cash flow is material and may include acquisitions or disposals,small,0.133,0.10941200256347657,0.15,0.25430667499148596,0.25695513552706073,0.09450561925303666,0.09175514744589347,0.32556902032012713,0.33720364318987694,2,0.10107486072403198,False,True,outside_bounds,,solved,0.47540992498397827,outside_bounds,
NYAB,NYAB,54,50.4,21.1,10.8,medium,,small,0.133,0.12049679756164551,0.04402159909929017,0.06056886429170518,0.055723543163658434,0.04848616102312312,0.04797806883061637,0.08069216311687676,0.0669642370204829,0,0.02147144372262267,False,False,outside_bounds,,solved,0.0888279527425766,outside_bounds,
Sustainion,SUSG,55,50.2,24.5,6.8,low,reported FCF is non-positive in 1 observed year(s) | annual reported FCF margins are highly volatile,micro,0.138,0.09656343460083008,0.047811782102400245,0.05690888019068028,0.060521243167595246,0.015645841989022764,-0.004128048726818233,0.05057838227897925,0.04444913874292554,1,0.12386445830814952,False,False,outside_bounds,,solved,0.11126142740249634,outside_bounds,
Scandinavian Astor,ASTOR,56,49.8,24.3,0.6,low,reported FCF is non-positive in 5 observed year(s) | annual reported FCF margins are highly volatile | aggregate investing cash flow is material and may include acquisitions or disposals,small,0.133,0.0775824785232544,0.019992273678204643,0.06147128420337033,0.02530667554203119,-0.5593076309631198,-0.5649367630277672,0.039429475363114606,0.031428299733739055,5,0.29503162558868223,False,True,outside_bounds,,solved,0.2564828395843506,outside_bounds,
Xvivo Perfusion,XVIVO,57,49.8,27.8,0.0,low,reported FCF is non-positive in 5 observed year(s) | annual reported FCF margins are highly volatile | three- and five-year normalized margins materially disagree | aggregate investing cash flow is material and may include acquisitions or disposals,lower_mid,0.128,0.04356492042541504,0.04589966308877731,0.08105262686313072,0.05810083935288267,-0.1815261655907138,-0.2666106868652803,0.11587586744499646,0.09444870793341616,5,0.2311373807414598,True,True,outside_bounds,,outside_bounds,,outside_bounds,
AQ Group,AQ,58,49.7,17.3,1.1,low,reported FCF is non-positive in 2 observed year(s) | annual reported FCF margins are highly volatile,lower_mid,0.128,0.15091099739074706,0.03743635048753813,0.09145055676815508,0.08548787521629009,0.08412563353187082,0.05130777139704592,0.11460915245458918,0.08887328535245881,2,0.052562454328890076,False,False,outside_bounds,,solved,0.24210947379469872,outside_bounds,
Qualisys,QSYS,60,49.5,29.3,15.2,medium,,micro,0.138,0.23965629577636718,0.030331663928354756,0.19050255429448626,,0.13328887434884365,,0.16917482447089613,,0,0.052329582012803445,False,False,solved,0.1347110509872437,solved,0.2603529170155525,outside_bounds,
Rusta,RUSTA,62,48.9,56.0,0.8,medium,,lower_mid,0.128,0.08285541534423828,0.0489129566565049,0.07200135055288259,0.07044676028185946,0.08809543907036943,0.09410101171034813,0.11766691989533215,0.10525734521990397,0,0.023703551757344236,False,False,outside_bounds,,solved,0.21252090483903885,outside_bounds,
Attendo,ATT,63,48.8,66.4,0.3,medium,,lower_mid,0.128,0.045639472007751467,0.056162177173007505,0.08157110609480812,0.07109136351013608,0.10441534988713318,0.092848604856139,0.13612641083521446,0.12374581939799331,0,0.028713659884092836,False,False,outside_bounds,,solved,0.2641329914331436,outside_bounds,
AcadeMedia,ACAD,65,48.5,66.4,1.4,medium,,lower_mid,0.128,0.050541110038757324,0.06855449849819659,0.08694981885454406,0.08677784620024884,0.15632467432359515,0.16139045632202687,0.19544438449086565,0.19913033642910105,0,0.010684645073231969,False,False,outside_bounds,,solved,0.19183226488530636,outside_bounds,
OEM International,OEM B,66,48.5,12.6,0.1,medium,,upper_mid,0.123,0.21653160095214843,0.02179122566881456,0.1466301788328136,0.1493147291941876,0.11824603831222555,0.09218130779392338,0.14293896773372367,0.1167437252311757,0,0.03834075944008307,False,False,outside_bounds,,outside_bounds,,outside_bounds,
Bahnhof,BAHN B,68,47.9,15.0,1.8,medium,,lower_mid,0.128,1.4219990539550782,0.005986344338330875,0.1259665996785223,0.12479724732493437,0.11522996446739518,0.11928576038733828,0.15480802091730697,0.15408780076964015,0,0.0515097594151848,False,False,outside_bounds,,solved,0.2739149108529091,outside_bounds,
Mildef Group,MILDEF,69,47.9,15.0,0.1,low,reported FCF is non-positive in 4 observed year(s) | annual reported FCF margins are highly volatile | three- and five-year normalized margins materially disagree | aggregate investing cash flow is material and may include acquisitions or disposals,lower_mid,0.128,0.1254640007019043,0.019701380712833137,0.025810706326465642,0.024938456598522958,-0.14501751034702326,-0.24233829248278568,0.0445490517123755,0.011345392272289416,4,0.2853515640771689,True,True,outside_bounds,,solved,0.38733677938580513,outside_bounds,
Mips,MIPS,71,47.7,27.8,0.1,low,reported FCF is non-positive in 2 observed year(s) | annual reported FCF margins are highly volatile | three- and five-year normalized margins materially disagree | aggregate investing cash flow is material and may include acquisitions or disposals,lower_mid,0.128,0.16633270263671876,0.0,0.29133284777858703,0.3753930817610063,-0.16533139111434814,0.0994496855345912,0.21922796795338675,0.3199685534591195,2,0.3774714672161032,True,True,outside_bounds,,outside_bounds,,outside_bounds,
Prevas,PREV B,72,47.6,68.5,6.7,low,reported FCF is non-positive in 1 observed year(s) | annual reported FCF margins are highly volatile,micro,0.138,0.07142560958862304,0.07453974876692922,0.08320578023114963,0.09477800558766165,0.04386904217022644,0.03879318715892097,0.09471855647497865,0.086962492751854,1,0.04818428895884482,False,False,solved,0.2522184610366821,solved,0.15364304929971695,outside_bounds,
Infrea,INFREA,73,47.2,65.4,0.7,low,reported FCF is non-positive in 1 observed year(s) | annual reported FCF margins are highly volatile,micro,0.138,0.021693201065063478,0.0,0.00864854437603485,0.017349698356563345,0.05198771842397157,0.027595173705013524,0.031186200909865444,0.0377678385687539,1,0.058407706281019676,False,False,outside_bounds,,solved,0.08546525239944458,outside_bounds,
ShaMaran Petroleum,SNM SDB,74,47.2,66.3,1.7,low,reported FCF is non-positive in 1 observed year(s) | annual reported FCF margins are highly volatile | three- and five-year normalized margins materially disagree | aggregate investing cash flow is material and may include acquisitions or disposals,small,0.133,0.11818599700927734,0.0,0.25707115671072006,0.3540609116715046,0.5184957891431057,0.3642967396339401,0.6123821954079618,0.6093266889677138,1,0.3455335310651034,True,True,solved,0.12665710449218748,outside_bounds,,outside_bounds,
Railcare,RAIL,77,46.8,54.0,0.5,medium,,micro,0.138,0.06340738773345947,0.08441560766064078,0.10402923229158077,0.10685519957043137,0.11636224952585139,0.10373325439550606,0.21693844314339902,0.2025891148407705,0,0.05000315536807832,False,False,outside_bounds,,solved,0.31442783772945404,outside_bounds,
Byggmax,BMAX,79,45.1,64.9,0.7,medium,,small,0.133,0.06019115924835205,0.0,0.03305334351478128,0.05729213584361769,0.11677757172466456,0.08158424165991052,0.13363150430893422,0.11410383448938534,0,0.03976272829611888,False,False,solved,0.273165512084961,solved,0.18612950667738914,outside_bounds,
HMS Networks,HMS,80,44.3,22.0,0.2,low,reported FCF is non-positive in 1 observed year(s) | annual reported FCF margins are highly volatile | three- and five-year normalized margins materially disagree | aggregate investing cash flow is material and may include acquisitions or disposals,upper_mid,0.123,0.0940796184539795,0.15,0.20888106821240038,0.2204540632293656,-0.28268295207535454,-0.1597001202348115,0.20577579960666598,0.20701605488365513,1,0.5650103098777677,True,True,outside_bounds,,outside_bounds,,outside_bounds,
Karnell Group,KARNEL B,81,44.1,16.5,0.6,low,reported FCF is non-positive in 5 observed year(s) | annual reported FCF margins are highly volatile | three- and five-year normalized margins materially disagree | aggregate investing cash flow is material and may include acquisitions or disposals,small,0.133,0.06980545997619629,0.08843392960392527,0.11617653323488064,0.11194168304294337,-0.07368568034117642,-0.14570593310553645,0.12456394454463265,0.10847249415947821,5,0.15718677842887746,True,True,outside_bounds,,solved,0.3478718250989914,outside_bounds,
Sotkamo Silver,SOSI,83,43.4,5.3,0.0,low,reported FCF is non-positive in 3 observed year(s) | annual reported FCF margins are highly volatile | three- and five-year normalized margins materially disagree,small,0.133,0.16936349868774414,0.0018597968954681256,0.08908685968819599,0.04083177711603493,0.06318568011218345,0.008580225104729215,0.20720943660810032,0.15166809670418413,3,0.107925436058744,True,False,outside_bounds,,solved,0.40112459659576416,outside_bounds,
Hanza,HANZA,84,43.1,17.3,3.0,low,reported FCF is non-positive in 5 observed year(s),lower_mid,0.128,0.053181390762329105,0.04870404538188993,0.06518410013982288,0.0616506903568227,-0.008722285105532992,-0.009073532132066613,0.09075171449497303,0.07437165908562701,5,0.0028981317120623006,False,False,outside_bounds,,solved,0.15721884928643703,outside_bounds,
Haypp Group,HAYPP,85,43.0,9.0,0.8,low,reported FCF is non-positive in 2 observed year(s) | annual reported FCF margins are highly volatile,small,0.133,0.02557621955871582,0.006908091021365703,0.013405418814051301,0.008744419014386965,0.012521473846336117,-0.015308300739804699,0.03859275961139743,0.021395607493107476,2,0.05491948245986712,False,False,outside_bounds,,solved,0.1944551169872284,outside_bounds,
Vitec Software,VIT B,86,43.0,27.2,0.5,low,reported FCF is non-positive in 5 observed year(s) | annual reported FCF margins are highly volatile | three- and five-year normalized margins materially disagree | aggregate investing cash flow is material and may include acquisitions or disposals,lower_mid,0.128,0.049439740180969236,0.15,0.21316256846620768,0.1967685882616153,-0.21755463971157307,-0.29372883883958534,0.30591415845996067,0.2924177791035871,5,0.1782081544431823,True,True,outside_bounds,,solved,0.4676317535340786,outside_bounds,
Systemair,SYSR,87,42.9,32.8,1.1,low,reported FCF is non-positive in 1 observed year(s),lower_mid,0.128,0.11044489860534668,0.007939652005055232,0.08626904977766264,0.09137204441630413,0.05781580537926865,0.04711743360361648,0.09914518844709234,0.07654561794081004,1,0.03901229187542364,False,False,solved,0.2735681772232056,solved,0.23636043071746826,outside_bounds,
Ellos Holding,ELLOS,88,42.5,65.7,0.0,low,reported FCF is non-positive in 2 observed year(s) | annual reported FCF margins are highly volatile,small,0.133,0.012340120077133178,0.0,0.03110684614729972,0.018410791025678525,0.05908344362568878,0.027124387114683037,0.06611672110364743,0.03678086163259056,2,0.04821409302770196,False,False,outside_bounds,,solved,0.2972618192434311,outside_bounds,
FM Mattsson,FMM B,89,42.5,25.3,0.4,medium,,small,0.133,0.11408659934997559,0.006019150443248457,0.0913456555536362,0.11577248044950418,0.10735878390050095,0.08324422919680484,0.13119709794437726,0.11983982221104053,0,0.037655264521621525,False,False,solved,0.2972263813018798,solved,0.3309444785118103,outside_bounds,
Scandi Standard,SCST,90,42.4,27.3,1.2,low,reported FCF is non-positive in 1 observed year(s) | annual reported FCF margins are highly volatile,lower_mid,0.128,0.07785932064056396,0.01748390184746052,0.03898524076926899,0.03329120606632645,0.011230929781841674,0.01148634596618087,0.06082592058838145,0.05608792333903918,1,0.017754194767025,False,False,outside_bounds,,solved,0.12319706287235022,outside_bounds,
Eniro,ENRO,91,42.3,60.8,0.5,medium,,micro,0.138,0.0652173900604248,0.0,0.045125732001377886,0.02103697407564811,0.05304857044436789,0.04483637909052274,0.08646228039958663,0.08159796005099873,0,0.02232867947654903,False,False,outside_bounds,,solved,0.1279320865869522,outside_bounds,
Thule,THULE,92,42.3,42.9,0.5,low,reported FCF is non-positive in 1 observed year(s) | annual reported FCF margins are highly volatile | aggregate investing cash flow is material and may include acquisitions or disposals,upper_mid,0.123,0.09343171119689941,0.014070223726737436,0.16036698508693562,0.17557328819570386,0.0552195725379699,0.04803933421996534,0.1818431722905642,0.1417805182767098,1,0.08399731875836976,False,True,solved,0.24361359924077985,solved,0.415430273860693,outside_bounds,
SkiStar,SKIS B,93,41.4,39.1,0.1,low,reported FCF is non-positive in 1 observed year(s) | annual reported FCF margins are highly volatile | aggregate investing cash flow is material and may include acquisitions or disposals,lower_mid,0.128,0.07759798049926758,0.06812674721757064,0.15596826264267488,0.1606998539056915,0.08496284830401755,0.0809113798141183,0.2096054514061091,0.23300148037052004,1,0.07338994899378075,False,True,outside_bounds,,outside_bounds,,outside_bounds,
Ambea,AMBEA,94,40.5,41.5,0.3,medium,,lower_mid,0.128,0.043571391105651856,0.058339415793070365,0.08240463894174141,0.0738473617633802,0.09302799673824409,0.0913532140104977,0.13475129111171513,0.1249981825319511,0,0.026572861834028055,False,False,outside_bounds,,solved,0.25980396568775177,outside_bounds,
Yubico,YUBICO,95,40.1,19.3,0.4,low,annual reported FCF margins are highly volatile | aggregate investing cash flow is material and may include acquisitions or disposals,lower_mid,0.128,0.19549160003662108,0.04321196947925832,0.12925328610049408,,0.6211584475311519,,0.10809173114570711,,0,0.8235411168226466,False,True,outside_bounds,,solved,0.37097878009080887,outside_bounds,
AddLife,ALIF B,96,40.0,44.4,0.1,low,reported FCF is non-positive in 2 observed year(s) | annual reported FCF margins are highly volatile | three- and five-year normalized margins materially disagree | aggregate investing cash flow is material and may include acquisitions or disposals,upper_mid,0.123,0.06877515792846679,0.04717535928580147,0.07559267418538125,0.08639713623920825,0.06773419261500016,-0.0017687934301958306,0.1071910038470391,0.10905453779743104,2,0.12201569068754853,True,True,outside_bounds,,solved,0.35691360011696815,outside_bounds,
Careium,CARE,97,40.0,35.9,0.5,low,reported FCF is non-positive in 2 observed year(s) | annual reported FCF margins are highly volatile | three- and five-year normalized margins materially disagree,micro,0.138,0.04162470817565918,0.03792490937338167,0.07554718757354671,0.048006214396685655,0.05491488193300384,-0.03454168824443294,0.13658115635051385,0.07954427757638531,2,0.14699465890680713,True,False,outside_bounds,,solved,0.2000010460615158,outside_bounds,
Gränges,GRNG,98,40.0,24.4,3.6,low,reported FCF is non-positive in 1 observed year(s) | annual reported FCF margins are highly volatile,lower_mid,0.128,0.08734829902648926,0.025884833055800936,0.06335869652891674,0.05710720634486531,0.011090796655284597,0.00851223847942021,0.06885704299196085,0.0616368111582114,1,0.04759830747300547,False,False,solved,0.2840689569711685,solved,0.12139320746064186,outside_bounds,
Svedbergs Group,SVED B,99,39.8,50.6,0.6,low,reported FCF is non-positive in 2 observed year(s) | annual reported FCF margins are highly volatile | three- and five-year normalized margins materially disagree | aggregate investing cash flow is material and may include acquisitions or disposals,small,0.133,0.07238642215728759,0.10099463392302929,0.13352821839906712,0.13004229108316503,-3.1948371431768995e-05,-0.07199526875481213,0.12571684158400026,0.12670587053795596,2,0.3375941435110323,True,True,outside_bounds,,solved,0.3236447498202324,outside_bounds,
Vimian Group,VIMIAN,100,39.4,20.7,0.1,low,reported FCF is non-positive in 5 observed year(s) | annual reported FCF margins are highly volatile | three- and five-year normalized margins materially disagree | aggregate investing cash flow is material and may include acquisitions or disposals,lower_mid,0.128,0.03557274103164673,0.10862584024747578,0.13872567437360442,0.1375010636043997,-0.1163912562385367,-0.2458276726736759,0.11848513276178023,0.11071764886606922,5,0.24331001881424894,True,True,outside_bounds,,outside_bounds,,outside_bounds,
Rejlers,REJL B,101,38.6,39.0,2.4,low,reported FCF is non-positive in 1 observed year(s) | annual reported FCF margins are highly volatile,small,0.133,0.0676577615737915,0.04760261028610803,0.0620232521437214,0.06025646871659244,0.013955795375123061,0.012813302731376632,0.07413029918159068,0.07253271724096001,1,0.04543044526613595,False,False,outside_bounds,,solved,0.14674552623182535,outside_bounds,
Viva Wine,VIVA,102,38.6,30.4,7.1,low,reported FCF is non-positive in 2 observed year(s) | annual reported FCF margins are highly volatile | three- and five-year normalized margins materially disagree | aggregate investing cash flow is material and may include acquisitions or disposals,small,0.133,0.06810845851898194,0.05960203984367554,0.05473868103071772,0.07544562005528549,0.008079778715970301,-0.04951863502049376,0.056922405008006986,0.058431036126203414,2,0.18735632077456812,True,True,outside_bounds,,solved,0.1244678758084774,outside_bounds,
Bilia,BILI A,104,37.3,53.1,2.4,medium,,lower_mid,0.128,0.060362749099731446,0.02503138364806449,0.03289351106895442,0.04187220799017636,0.030115686241298126,0.024495585713378357,0.050746116973525976,0.045810132746173224,0,0.014555442298430386,False,False,outside_bounds,,solved,0.09958862885832787,outside_bounds,
Beijer Alma,BEIA B,105,37.2,11.5,0.5,low,reported FCF is non-positive in 2 observed year(s) | annual reported FCF margins are highly volatile,lower_mid,0.128,0.08985403060913086,0.1081933736887755,0.1366613235630868,0.13695363758072848,0.012548660407602472,-0.015648563130679704,0.11792992901305244,0.11301236351328071,2,0.043018831037884245,False,False,outside_bounds,,solved,0.3621571362018585,outside_bounds,
Nordisk Bergteknik,NORB B,106,37.2,66.2,0.1,low,reported FCF is non-positive in 2 observed year(s),micro,0.138,0.010733180046081543,0.026808793150591762,0.03471558088825982,0.04542098654029393,0.02457824872805172,-0.0013440775400225921,0.08140468995065224,0.07834142093605852,2,0.043589972007363274,False,False,outside_bounds,,solved,0.24398040771484375,outside_bounds,
Humana,HUM,107,36.6,57.8,0.2,medium,,small,0.133,0.026295909881591795,0.0392175010517459,0.04742452924180532,0.04964240639461506,0.05781940154760719,0.05378628523348759,0.07505562751154063,0.07534707614640303,0,0.020629868711133655,False,False,outside_bounds,,solved,0.21240994334220886,outside_bounds,
Surgical Science,SUS,108,36.1,27.5,0.1,low,reported FCF is non-positive in 2 observed year(s) | annual reported FCF margins are highly volatile | three- and five-year normalized margins materially disagree | aggregate investing cash flow is material and may include acquisitions or disposals,small,0.133,0.01349357008934021,0.12495899302550527,0.14581702473108926,0.15817594053861425,0.08313763010640457,-0.6030621595479306,0.1650140616392682,0.158807208674846,2,2.977267170649983,True,True,outside_bounds,,outside_bounds,,outside_bounds,
W5 Solutions,W5,109,34.8,15.4,0.1,low,reported FCF is non-positive in 3 observed year(s) | annual reported FCF margins are highly volatile | aggregate investing cash flow is material and may include acquisitions or disposals,micro,0.138,0.004829869866371155,0.03365455638581122,0.027746956328770063,0.04260070428583698,-0.1764449307856536,-0.17449479147495123,0.07303280507495351,0.044287800149691414,3,0.23444903303553988,False,True,outside_bounds,,solved,0.44155924022197723,outside_bounds,
MEKO,MEKO,110,34.6,50.0,0.2,low,reported FCF is non-positive in 1 observed year(s) | annual reported FCF margins are highly volatile,small,0.133,0.010855740308761597,0.03823570011215599,0.04196036461600915,0.04839962039513416,0.0638816105103886,0.049336307726438,0.06718455917629258,0.07291371384202029,1,0.04390473241291352,False,False,outside_bounds,,solved,0.20777643471956253,outside_bounds,
Modern Times Group B,MTG B,111,34.6,4.7,0.1,low,reported FCF is non-positive in 3 observed year(s) | annual reported FCF margins are highly volatile | aggregate investing cash flow is material and may include acquisitions or disposals,lower_mid,0.128,0.010955220460891724,0.0804847370571412,0.11736327541305554,0.10187941399638126,-0.2597873884643299,-0.260287165119944,0.18447679631131794,0.1603630420825308,3,0.2824439569201609,False,True,outside_bounds,,solved,0.46004436165094376,outside_bounds,
Inission,INISS B,112,34.4,23.3,1.0,low,reported FCF is non-positive in 2 observed year(s) | annual reported FCF margins are highly volatile,small,0.133,0.06036468982696533,0.022573864864575365,0.05858370530299354,0.05033854837771109,0.01345610353694629,0.0020127937618980318,0.043467383921207116,0.03615754865204126,2,0.04659312258505946,False,False,outside_bounds,,solved,0.15410380251705647,outside_bounds,
Swedencare,SECARE,113,34.1,30.9,0.0,low,reported FCF is non-positive in 3 observed year(s) | annual reported FCF margins are highly volatile | three- and five-year normalized margins materially disagree | aggregate investing cash flow is material and may include acquisitions or disposals,small,0.133,0.008493109941482543,0.05613086216262144,0.07114937671667018,0.07105172425648283,0.03568032960067611,-0.5774616343478061,0.1492050496513839,0.14890971117832133,3,1.1628464202242796,True,True,outside_bounds,,outside_bounds,,outside_bounds,
NCAB Group,NCAB,114,33.9,8.6,0.0,low,reported FCF is non-positive in 1 observed year(s),lower_mid,0.128,0.10371859550476074,0.0,0.11417545262535744,0.11694056180593862,0.025823330522985456,0.006202970348552812,0.11659177234443856,0.10188066567446895,1,0.08451477956949788,False,False,outside_bounds,,outside_bounds,,outside_bounds,
New Wave,NEWA B,115,33.2,20.5,3.7,low,reported FCF is non-positive in 2 observed year(s) | annual reported FCF margins are highly volatile,lower_mid,0.128,0.0760621976852417,0.0641750573937956,0.13697239561468105,0.14547495898957483,0.04953098008988115,0.0342246564536515,0.09962285706420376,0.07856969979472377,2,0.09877548031807591,False,False,solved,0.223452627658844,solved,0.2602837346494198,outside_bounds,
Teqnion,TEQ,116,32.5,19.0,0.7,low,reported FCF is non-positive in 5 observed year(s),small,0.133,0.060709991455078126,0.07654931646774037,0.09108108663910996,0.09689786894650679,-0.04328870791946861,-0.04075167559852799,0.08349270981142164,0.08821973778107378,5,0.019570875329595287,False,False,outside_bounds,,solved,0.28564407490193844,outside_bounds,
Better Collective,BETCO,117,32.1,36.7,0.1,low,reported FCF is non-positive in 4 observed year(s) | annual reported FCF margins are highly volatile | three- and five-year normalized margins materially disagree | aggregate investing cash flow is material and may include acquisitions or disposals,lower_mid,0.128,0.02706350088119507,0.15,0.18689732794630762,0.20830880091661058,-0.10576962233923184,-0.2357991698413601,0.18306240799354662,0.18178199806675385,4,0.39060485974127684,True,True,outside_bounds,,outside_bounds,,outside_bounds,
ITAB Group,ITAB,118,32.1,26.6,2.4,low,reported FCF is non-positive in 2 observed year(s) | annual reported FCF margins are highly volatile,small,0.133,0.026163549423217775,0.04291943962503561,0.05767722710163112,0.054328404588652665,0.007920326223337515,0.008441877929409328,0.08700595984943538,0.06722427946241293,2,0.072529852687682,False,False,outside_bounds,,solved,0.12782659381628036,outside_bounds,
Studsvik,SVIK,119,32.1,29.7,0.0,low,reported FCF is non-positive in 2 observed year(s) | annual reported FCF margins are highly volatile,small,0.133,0.04153614997863769,0.04054477855597878,0.06486320319704889,0.07816391887083382,0.027513064863203193,0.030269244454987545,0.08607439286812173,0.08153243980547978,2,0.0747451117257943,False,False,outside_bounds,,solved,0.4292951188981533,outside_bounds,
Inwido,INWI,120,31.9,16.0,1.0,low,reported FCF is non-positive in 1 observed year(s),lower_mid,0.128,0.06545891761779785,0.0,0.0992323988840318,0.10493279646118074,0.025251018246378328,0.047179719843475305,0.11188028704850284,0.1153428231157489,1,0.041786790578203524,False,False,solved,0.23408680856227876,solved,0.268138213083148,outside_bounds,
Green Landscaping,GREEN,121,31.1,44.2,0.6,low,reported FCF is non-positive in 3 observed year(s) | annual reported FCF margins are highly volatile,small,0.133,0.029069769382476806,0.047843295486534675,0.06178477408263042,0.06056113352725908,0.013700102079191962,-0.01649619968096087,0.06952130231558588,0.07129586187482406,3,0.052131562838669245,False,False,outside_bounds,,solved,0.16168159246444702,outside_bounds,
HAKI Safety B,HAKI B,122,30.9,33.0,1.2,low,reported FCF is non-positive in 3 observed year(s) | annual reported FCF margins are highly volatile | three- and five-year normalized margins materially disagree,micro,0.138,0.04204452037811279,0.004425217623942789,0.06965174129353234,0.07525697503671072,0.016973953760608722,-0.034140969162995596,0.058530875036581796,0.06149045521292217,3,0.08285796192888517,True,False,solved,0.2856230974197388,solved,0.19635240733623505,outside_bounds,
Fasadgruppen,FG,123,27.8,57.2,27.1,low,reported FCF is non-positive in 3 observed year(s) | annual reported FCF margins are highly volatile | positive Börsdata ROIC unavailable for reinvestment calibration,small,0.133,,0.0,0.041480686832308454,0.05599875404502743,0.0024392891579343976,-0.04712997733054148,0.078727738293647,0.07559658746776958,3,0.09806822121832122,False,False,solved,0.12299531698226929,solved,0.0740259476006031,outside_bounds,
Bergman & Beving,BERG B,125,27.2,9.6,0.1,low,reported FCF is non-positive in 1 observed year(s) | annual reported FCF margins are highly volatile,lower_mid,0.128,0.047897930145263674,0.024760507570919795,0.07972527102552017,0.07515476681799423,0.019931317756380042,0.015889393314073463,0.11211366237963774,0.09174576970697483,1,0.023933954745388522,False,False,outside_bounds,,solved,0.35785943269729614,outside_bounds,
Observit,OBSE,126,26.6,5.2,0.0,low,reported FCF is non-positive in 4 observed year(s) | annual reported FCF margins are highly volatile | three- and five-year normalized margins materially disagree | aggregate investing cash flow is material and may include acquisitions or disposals,micro,0.138,0.027582581043243407,0.030216604997297634,0.023102132917853114,0.03824886708518688,-0.022027615107720413,-0.08398120816530164,0.07210014505990436,0.08069679457863883,4,0.15632295121544404,True,True,outside_bounds,,outside_bounds,,outside_bounds,
4C Group,4C,127,23.8,14.1,0.4,low,reported FCF is non-positive in 4 observed year(s) | annual reported FCF margins are highly volatile | three- and five-year normalized margins materially disagree | positive Börsdata ROIC unavailable for reinvestment calibration,micro,0.138,,0.0,-0.0031511285099801844,0.04440633326187486,-0.20482335314871203,-0.09853918476097141,-0.08740998501764052,0.005929011116895843,4,0.1662040185033984,True,False,outside_bounds,,solved,0.20667028427124023,outside_bounds,
Verve Group Media,VER,128,22.7,25.0,74.7,low,reported FCF is non-positive in 4 observed year(s) | annual reported FCF margins are highly volatile | three- and five-year normalized margins materially disagree | aggregate investing cash flow is material and may include acquisitions or disposals | positive Börsdata ROIC unavailable for reinvestment calibration,small,0.133,,0.0,0.1844218117651572,0.15643333353853353,-0.013483067047714039,-0.13376516246138206,0.1875462723210005,0.22399241580123488,4,0.3195236000583595,True,True,solved,0.059459424018859855,solved,0.12202014029026031,outside_bounds,
Sdiptech,SDIP B,129,21.4,20.3,16.8,low,reported FCF is non-positive in 4 observed year(s) | annual reported FCF margins are highly volatile | three- and five-year normalized margins materially disagree | aggregate investing cash flow is material and may include acquisitions or disposals | positive Börsdata ROIC unavailable for reinvestment calibration,lower_mid,0.128,,0.0,0.1414565917023357,0.14653651814423518,-0.019316320121220757,-0.09795130914101975,0.1507229859676615,0.1505512172714745,4,0.13373013824653007,True,True,solved,0.2303234487771988,solved,0.20335354655981064,outside_bounds,
Troax Group,TROAX,131,18.2,4.1,0.0,low,reported FCF is non-positive in 1 observed year(s),lower_mid,0.128,0.007210844755172729,0.0,0.14711882914654054,0.16363684525463065,0.03800593895026547,0.06229330935286003,0.1526087368309628,0.15285038670550813,1,0.05108920441404029,False,False,outside_bounds,,outside_bounds,,outside_bounds,
Gentoo Media,G2M,132,16.2,18.9,3.0,low,reported FCF is non-positive in 4 observed year(s) | three- and five-year normalized margins materially disagree | aggregate investing cash flow is material and may include acquisitions or disposals | positive Börsdata ROIC unavailable for reinvestment calibration,micro,0.138,,0.0,0.2669136390093962,0.2051552784924327,-0.10201372302204685,-0.09087276691683105,0.33654378263375356,0.299866390166027,4,0.0726657224275072,True,True,solved,0.11433329582214354,solved,0.3719426989555359,outside_bounds,
EQL Pharma,EQL,133,15.8,20.0,10.4,low,reported FCF is non-positive in 3 observed year(s) | annual reported FCF margins are highly volatile | three- and five-year normalized margins materially disagree | aggregate investing cash flow is material and may include acquisitions or disposals | positive Börsdata ROIC unavailable for reinvestment calibration,micro,0.138,,0.0,0.13890783388611203,0.13152797972425448,-0.3616387163077498,-0.2070217987252947,-0.007221936749661325,0.03545956632433147,3,0.28595583294132365,True,True,solved,0.2730009198188782,solved,0.20487862825393677,outside_bounds,
