company,ticker,old_rank,new_rank,rank_improvement,old_total_score,new_total_score,old_reverse_dcf_score,new_reverse_dcf_score,old_dcf_status,size_bucket,baseline_discount_rate,current_ebit_margin,normalized_ebit_margin_5y,current_fcf_margin,normalized_fcf_margin_5y,ebit_3y_margin,ebit_5y_margin,fcf_3y_margin,fcf_5y_margin,negative_fcf_years,fcf_margin_stdev,fcf_margin_range,fcf_sign_changes,fcf_unreliable,old_implied_revenue_growth,new_implied_revenue_growth,old_implied_ebit_margin,new_implied_ebit_margin,new_outside_bounds_count
Guldbrev,GULD,1,1,0,92.0,92.0,99.9,99.7,available,micro,0.138,0.2176217422491432,0.18546809747845852,0.19235673866262853,0.15112068509805993,0.18546809747845852,,0.15112068509805993,,0,0.05297741529869248,0.13827619635389687,0,False,outside_bounds,outside_bounds,0.01682654395699501,0.05894482880830765,2
Zinzino,ZZ B,2,2,0,89.5,88.5,99.6,82.9,available,small,0.133,0.13275167215803838,0.10288277593476151,0.16373714948315116,0.10306449876596371,0.1147158704693755,0.10288277593476151,0.1223557537785692,0.10306449876596371,0,0.04719692151469371,0.12967234610563008,0,False,-0.0989969402551651,0.07808176279067991,0.005164884030818939,0.07152101770043373,1
Betsson,BETS B,3,3,0,76.2,76.2,99.7,99.3,available,lower_mid,0.128,0.1642401328382857,0.2071927122023088,0.13570919953455252,0.13132710820724766,0.22171356644809506,0.2071927122023088,0.12771351892853333,0.13132710820724766,0,0.033717196230797615,0.08874952341872908,0,False,outside_bounds,-0.07975424528121951,0.04170452430844307,0.10878715477883816,1
Generic Sweden,GENI,4,4,0,75.0,72.1,95.6,46.9,available,micro,0.138,0.2044096653095754,0.19934749762665632,0.19864643366996246,0.16495741352337912,0.19893101059091362,0.19934749762665632,0.1803622686330793,0.16495741352337912,0,0.03412759110883593,0.09381001621680544,0,False,-0.009386384487152108,0.13596782684326175,0.09407452493906021,0.20383021235466003,0
Micro Systemation,MSAB B,5,5,0,74.8,71.9,50.6,1.5,available,small,0.133,0.17929144646701897,0.11018490451652015,0.19201409277745154,0.12367384055774477,0.12077294685990338,0.11018490451652015,0.1454729624435094,0.12367384055774477,0,0.05174193319526007,0.14819016665982365,0,False,0.08252730369567868,0.2997259497642516,0.17828188836574554,0.29933102428913116,1
Clas Ohlson,CLAS B,6,6,0,73.9,70.3,79.7,21.0,available,upper_mid,0.123,0.12203230008230848,0.08507967535765276,0.14432750781131382,0.11613725433830646,0.09935558949741799,0.08507967535765276,0.12842534002472908,0.11613725433830646,0,0.02552698183013691,0.053749845277931724,0,False,0.052884873747825606,0.1754762515425682,0.08110908651724458,0.12303688703104854,1
Nordrest,NREST,10,7,3,69.5,68.9,15.1,4.3,available,small,0.133,0.10049401929027704,0.09102381239421889,0.039510685655344636,0.04376069553672219,0.09102381239421889,,0.04376069553672219,,0,0.011413361009354405,0.02879254309479272,0,False,0.22858821451663963,outside_bounds,0.11797000281512737,0.13333099521696568,2
I-Tech,ITECH,7,8,-1,71.7,67.2,87.8,13.0,available,micro,0.138,0.2509710188228264,0.19064806685526614,0.27929489094711685,0.24126101518551032,0.2312839287968691,0.19064806685526614,0.27715355805243447,0.24126101518551032,1,0.14018943817228396,0.4257097913374993,1,True,0.06618129611015316,0.23052115440368653,0.16120192408561707,0.2772722840309143,1
White Pearl Technology,WPTG B,22,9,13,61.3,66.9,1.5,95.9,available,micro,0.138,0.1680713128038898,0.15540036557077402,0.004736178642175401,0.10066310931877608,0.1591850600636023,0.15540036557077402,0.006520651876456766,0.10066310931877608,1,0.9436052337951509,2.469952821001037,2,True,outside_bounds,0.007073068618774406,0.2103929966688156,0.10127696394920349,1
Hemnet,HEM,9,10,-1,69.7,66.7,72.6,21.6,available,lower_mid,0.128,0.3863551261888714,0.42438427192856115,0.3384258219126788,0.37197537087714244,0.4464617184122867,0.42438427192856115,0.37452640679431437,0.37197537087714244,0,0.016287288742717513,0.042848117133752694,0,False,0.12228826880455015,0.1813777804374695,0.3420165926218033,0.482996329665184,0
Avtech,AVT B,12,11,1,68.5,65.3,58.3,4.4,available,micro,0.138,0.29359430604982206,0.24734982332155475,0.22419928825622773,0.19434628975265017,0.29254901960784313,0.24734982332155475,0.23921568627450981,0.19434628975265017,1,0.14173114230355344,0.3766096046053628,1,True,0.13584461212158205,0.2905670166015625,0.278253436088562,0.4085979461669922,1
Lime Technologies,LIME,14,12,2,67.2,64.8,40.4,1.0,available,small,0.133,0.20365414900836076,0.19311039248906314,0.16959655839084287,0.08200653632955197,0.19606850083664767,0.19311039248906314,0.1229996176743678,0.08200653632955197,1,0.16930346625305248,0.4392379625558186,1,True,0.16743537634611128,outside_bounds,0.21896368078887463,0.42223019897937775,2
Plejd,PLEJD,16,13,3,64.6,64.6,1.1,0.4,available,lower_mid,0.128,0.2325923814952028,0.1666826307156284,0.10697887970615243,0.008476909998682964,0.1716077929545924,0.1666826307156284,0.03443737572942525,0.008476909998682964,3,0.06657584011060186,0.1621875830103489,1,True,outside_bounds,outside_bounds,outside_bounds,outside_bounds,3
Vuxen Group,VUXEN,11,14,-3,69.2,64.6,80.0,2.5,available,micro,0.138,0.06451612903225806,0.04275348107472054,0.08629032258064516,0.03000588350656992,0.045312267103890295,0.04275348107472054,0.06826650767625578,0.03000588350656992,2,0.05679319456138791,0.14375399497166233,1,True,0.015686607360839835,outside_bounds,0.03923143818974495,0.13031645119190216,2
Byggpartner,BYGGP,8,15,-7,70.1,64.2,99.7,1.2,available,small,0.133,0.036003750857560496,0.002904504580088627,0.07411218787383604,0.0021060399203728136,0.005136283490827483,0.002904504580088627,0.012662624667322016,0.0021060399203728136,2,0.03804539180291589,0.10553256090159824,2,True,outside_bounds,outside_bounds,outside_bounds,0.036503151059150696,2
Invisio,IVSO,17,16,1,63.0,63.0,1.0,0.7,available,lower_mid,0.128,0.17669133743354531,0.16975027638681148,0.06431773167934954,0.051716849840671125,0.19948560316165861,0.16975027638681148,0.08590008991489449,0.051716849840671125,1,0.10407134362205563,0.2910237932656664,1,True,outside_bounds,outside_bounds,0.4068633746355772,outside_bounds,3
Karnov,KAR,13,17,-4,68.3,62.3,99.6,0.3,available,lower_mid,0.128,0.43377623724244174,0.1670503527403227,0.4605815520893511,-0.054107468527604265,0.1848940089774526,0.1670503527403227,0.13105523987441947,-0.054107468527604265,3,0.5905737695470811,1.761546441820539,3,True,-0.05412383675575256,outside_bounds,0.14900881797075272,0.48255985975265503,2
RaySearch Laboratories,RAY B,18,18,0,62.1,62.1,2.9,2.6,available,lower_mid,0.128,0.21879389348131434,0.13024856839199886,0.08867346703815424,0.15464538950841517,0.1876273363139984,0.13024856839199886,0.18917855607294107,0.15464538950841517,0,0.08232141865503158,0.22531345920918935,0,False,outside_bounds,outside_bounds,0.3782804384827614,0.31133026629686356,2
Navigo Invest,NAVIGO STAM,15,19,-4,66.7,60.9,97.6,0.1,available,micro,0.138,0.13644904369285996,0.03428346464029967,0.0464411913175164,-0.11313752987602325,-0.06035372571759931,0.03428346464029967,-0.021907799362133953,-0.11313752987602325,3,0.19402239593040094,0.5537689421879285,3,True,-0.01809053421020508,outside_bounds,0.10706813633441925,0.2221045196056366,2
Nelly Group,NELLY,21,20,1,61.4,59.5,35.0,2.2,available,small,0.133,0.10564399421128799,0.02858723418102536,0.06375623090529024,0.029172971477847736,0.0790943926053763,0.02858723418102536,0.07590604615789628,0.029172971477847736,2,0.061454484662021074,0.17922298322815888,1,True,0.0190475583076477,outside_bounds,0.11599791795015335,0.11941702663898468,2
Synsam,SYNSAM,19,21,-2,62.1,59.5,94.3,49.8,available,lower_mid,0.128,0.12044046799724707,0.11959441310770884,0.14108740536820372,0.11298012355627182,0.12061703963058812,0.11959441310770884,0.11990663216116101,0.11298012355627182,0,0.03683579069229344,0.09039962401056034,0,False,-0.023760342597961434,0.10443140268325804,0.0463948342949152,0.1197616457939148,0
Veteranpoolen,VPAB B,23,22,1,61.2,59.2,38.2,5.2,available,small,0.133,0.11130886169818316,0.10478530800970688,0.0910344827586207,0.08758392087515024,0.10267967505849752,0.10478530800970688,0.08758817746451343,0.08758392087515024,0,0.010719901155105694,0.033176262436020246,0,False,0.12982584834098815,0.24003623723983758,0.12178174778819084,0.17461466044187546,1
Apotea,APOTEA,26,23,3,58.9,58.9,2.9,1.6,available,lower_mid,0.128,0.04187379994213419,0.029872209466711593,0.019963702359346643,0.010139183655038504,0.035174966387557946,0.029872209466711593,0.013263287945721746,0.010139183655038504,1,0.018028361704697144,0.05408762371269213,2,True,outside_bounds,outside_bounds,0.08131302893161774,0.10609005950391293,2
Cedergrenska,CEDER,20,24,-4,61.8,58.8,,14.3,unavailable,micro,0.138,0.042763476631891735,0.023503417299982118,-0.004069635993669455,0.022951034924602074,0.021790396195043752,0.023503417299982118,0.04401467928802803,0.022951034924602074,2,0.03510392670035665,0.098661381816424,1,True,unavailable,0.23132401704788208,unavailable,0.03352533280849457,1
BioGaia,BIOG B,28,25,3,58.0,58.0,2.3,1.4,available,lower_mid,0.128,0.27851729068340275,0.3081671268223875,0.1894952613531399,0.23315984622067623,0.3004040024428055,0.3081671268223875,0.24366984544557715,0.23315984622067623,0,0.06122405481420417,0.16837365142638028,0,False,0.2865987151861191,outside_bounds,0.49460774660110474,outside_bounds,3
Bonesupport,BONEX,30,26,4,57.6,57.5,1.6,0.5,available,lower_mid,0.128,0.24009670097322844,0.08313631798588975,0.2030409502192096,0.03506665252730663,0.15453730010095815,0.08313631798588975,0.09402995717722473,0.03506665252730663,3,0.2022365910390656,0.5901720816352714,1,True,outside_bounds,outside_bounds,outside_bounds,outside_bounds,3
Scandic Hotels,SHOT,33,27,6,56.7,56.5,98.7,95.8,available,lower_mid,0.128,0.12202880622072987,0.10776845321557876,0.24105328267208626,0.26710336312077515,0.1251000709937616,0.10776845321557876,0.24985272570729422,0.26710336312077515,0,0.03038763268674045,0.07535304977151752,0,False,outside_bounds,-0.09199659526348115,0.0066719576716423035,0.03168492577970028,1
Softronic,SOF B,25,28,-3,60.1,55.9,87.5,18.3,available,small,0.133,0.09516063440422935,0.11231762736187516,0.1442659617730785,0.09330303755082517,0.11087567900758949,0.11231762736187516,0.08044072889779251,0.09330303755082517,0,0.03604348415149361,0.09273019517795639,0,False,-0.04199128150939942,0.11477158069610596,0.04510276019573212,0.14819611608982086,1
Cloetta,CLA B,32,29,3,57.1,55.0,37.9,3.1,available,lower_mid,0.128,0.13407691413965378,0.09597434426656933,0.11211804345300337,0.08006987537153883,0.10417076142930147,0.09597434426656933,0.0824717952749715,0.08006987537153883,0,0.02606967002517037,0.06577290416796311,0,False,0.09707676172256469,0.2727867364883423,0.14763813465833664,0.20656460523605347,1
CellaVision,CEVI,35,30,5,54.8,54.8,0.7,0.3,available,small,0.133,0.2223364675640939,0.2579383361520879,0.13300412636136102,0.14574794092207458,0.2532091058958638,0.2579383361520879,0.16101098412580808,0.14574794092207458,0,0.023201862610076833,0.0640667074289654,0,False,0.28564338386058813,outside_bounds,0.4578012153506279,outside_bounds,3
TagMaster,TAGM B,24,31,-7,60.5,54.7,98.0,1.3,available,micro,0.138,0.10881751227495907,0.02925537211479099,0.16804418985270048,0.007204309640929641,0.04266800051535063,0.02925537211479099,0.022576904713184638,0.007204309640929641,4,0.05847712070007107,0.17005922418303518,1,True,-0.07185311317443849,outside_bounds,0.01796097680926323,0.1423250064253807,2
Cheffelo,CHEF,27,32,-5,58.4,54.2,72.5,2.2,available,small,0.133,0.0718878893183073,0.007564322888525583,0.1183625085252184,0.03190784772355711,0.04479170826562303,0.007564322888525583,0.07903443318414027,0.03190784772355711,2,0.057779679164574146,0.15396172196157829,1,True,-0.012747561931610116,outside_bounds,0.04866296052932739,0.12570597603917122,2
Boozt,BOOZT,29,33,-4,57.9,53.9,66.7,1.5,available,lower_mid,0.128,0.05050626808100289,0.04539779389412429,0.09040501446480231,0.016665219090632736,0.04755826402042329,0.04539779389412429,0.036605451700568226,0.016665219090632736,1,0.05385438992342661,0.16790323824462083,1,True,0.03955554962158203,outside_bounds,0.036541249603033066,0.1603083861991763,2
Revolutionrace,RVRC,31,34,-3,57.5,52.9,80.1,4.6,available,lower_mid,0.128,0.20885131775236201,0.21616735875502693,0.24067628045748385,0.13364073409397556,0.19759804841433665,0.21616735875502693,0.13829986864327265,0.13364073409397556,0,0.0678218935188711,0.19854958317991578,0,False,0.050547260046005245,0.2580738067626953,0.14674507081508636,0.3350871652364731,1
Upsales,UPSALE,36,35,1,54.3,52.9,28.4,5.5,available,micro,0.138,0.16699366556421325,0.17912369310866827,0.14518751051067885,0.15768996788478132,0.18046270324988928,0.17912369310866827,0.12596748001771518,0.15768996788478132,0,0.07436199821238516,0.2188673556796144,0,False,0.10896306037902831,0.19666630029678345,0.2013433873653412,0.3048802614212036,1
NYAB,NYAB,34,36,-2,55.3,52.6,98.5,52.4,available,small,0.133,0.05760590040035054,0.055723543163658434,0.07177604684658519,0.04797806883061637,0.06056886429170518,0.055723543163658434,0.04848616102312312,0.04797806883061637,0,0.02147144372262267,0.05729963013269604,0,False,-0.040134334564209,0.1456714630126953,0.008026361465454102,0.05474488437175751,0
Dynavox Group,DYVOX,38,37,1,52.4,52.3,1.7,0.3,available,lower_mid,0.128,0.12947658402203857,0.09582780480613297,0.033844942935852024,-0.058086392451717525,0.10541969596827495,0.09582780480613297,-0.02280237937871778,-0.058086392451717525,4,0.0974459395006879,0.2687494123790897,2,True,outside_bounds,outside_bounds,0.2869481220841408,0.4455158859491348,2
AcadeMedia,ACAD,39,38,1,52.3,51.5,96.7,83.5,available,lower_mid,0.128,0.0937894152666364,0.08677784620024884,0.14449321426769587,0.16139045632202687,0.08694981885454406,0.08677784620024884,0.15632467432359515,0.16139045632202687,0,0.010684645073231969,0.03056050442353253,0,False,-0.0551272064447403,0.024940060079097742,0.0185758201405406,0.04873636830598116,1
BioArctic,BIOA B,43,39,4,50.7,50.7,1.2,0.7,available,upper_mid,0.123,0.34378296384764934,0.3593193939529346,0.5603657951860795,0.009147518903063735,0.4460010985419984,0.3593193939529346,0.0757611575017208,0.009147518903063735,4,2.115777746911058,5.696205015428194,1,True,outside_bounds,outside_bounds,outside_bounds,outside_bounds,3
MedCap,MCAP,41,40,1,51.9,50.6,,0.7,unavailable,lower_mid,0.128,0.14898663216903837,0.1430911643871236,-0.0414402759810263,0.04410005720526288,0.1430735776415229,0.1430911643871236,0.04603949807500357,0.04410005720526288,1,0.04768758873489597,0.14718429655224424,1,True,unavailable,outside_bounds,unavailable,0.3797158868983388,2
Berner Industrier,BERNER B,45,41,4,50.4,50.4,1.6,2.1,available,small,0.133,0.09533164935915427,0.06512690715343221,0.021891664327813636,0.05269550261970407,0.07679398881464713,0.06512690715343221,0.07956121634719117,0.05269550261970407,1,0.04209604005082474,0.11612864801158636,1,True,outside_bounds,outside_bounds,0.20590112917125225,0.19538647681474686,2
Engcon,ENGCON B,47,42,5,50.3,50.3,0.1,0.0,available,lower_mid,0.128,0.1603128054740958,0.19544120965921913,0.11730205278592376,0.11475964793500339,0.18248712288447388,0.19544120965921913,0.12472406181015452,0.11475964793500339,0,0.06277019717842154,0.19321583946992768,0,False,outside_bounds,outside_bounds,outside_bounds,outside_bounds,3
C-RAD,CRAD B,51,43,8,50.0,50.1,1.7,2.6,available,small,0.133,0.14918991899189918,0.121390937829294,0.008775877587758775,0.05316122233930453,0.12923998502433545,0.121390937829294,0.06746536877573941,0.05316122233930453,1,0.038021575748515654,0.11880508443197078,2,True,outside_bounds,outside_bounds,0.2882959544658661,0.2710667997598648,2
AQ Group,AQ,53,44,9,49.2,49.1,4.0,2.4,available,lower_mid,0.128,0.09328986116954144,0.08548787521629009,0.05900294488851494,0.05130777139704592,0.09145055676815508,0.08548787521629009,0.08412563353187082,0.05130777139704592,2,0.052562454328890076,0.13444133443602854,1,True,0.26425970792770387,outside_bounds,0.16835962608456612,0.22498095035552979,2
SmartCraft,SMCRT,40,45,-5,52.1,49.1,50.6,1.2,available,small,0.133,0.18124347204661645,0.25695513552706073,0.20160152456342878,0.09175514744589347,0.25430667499148596,0.25695513552706073,0.09450561925303666,0.09175514744589347,2,0.10107486072403198,0.23080634777226236,3,True,0.14891319274902345,outside_bounds,0.18020659685134888,0.4933062791824341,2
Qualisys,QSYS,54,46,8,48.9,49.0,12.1,14.0,available,micro,0.138,0.16035121951219514,0.19050255429448626,0.08554146341463416,0.13328887434884365,0.19050255429448626,,0.13328887434884365,,0,0.052329582012803445,0.14446252887009986,0,False,0.138604199886322,0.13091694116592406,0.20816779136657715,0.2536250725388527,1
Sustainion,SUSG,44,47,-3,50.5,49.0,,0.8,unavailable,micro,0.138,0.0725716730851519,0.060521243167595246,-0.004741121095421481,-0.004128048726818233,0.05690888019068028,0.060521243167595246,0.015645841989022764,-0.004128048726818233,1,0.12386445830814952,0.38236949016101424,2,True,unavailable,outside_bounds,unavailable,0.14041107892990112,2
Scandinavian Astor,ASTOR,48,48,0,50.3,48.7,,0.3,unavailable,small,0.133,0.11864777746826377,0.02530667554203119,-0.37647737673604204,-0.5649367630277672,0.06147128420337033,0.02530667554203119,-0.5593076309631198,-0.5649367630277672,5,0.29503162558868223,0.7671969695312109,0,True,unavailable,outside_bounds,unavailable,0.39451006054878235,2
Xvivo Perfusion,XVIVO,49,49,0,50.3,48.6,,0.4,unavailable,lower_mid,0.128,0.12472772360175596,0.05810083935288267,-0.014532578220122203,-0.2666106868652803,0.08105262686313072,0.05810083935288267,-0.1815261655907138,-0.2666106868652803,5,0.2311373807414598,0.6119607203523552,0,True,unavailable,outside_bounds,unavailable,outside_bounds,3
Rusta,RUSTA,46,50,-4,50.4,48.2,53.9,17.0,available,lower_mid,0.128,0.07565293323807255,0.07044676028185946,0.09391124871001032,0.09410101171034813,0.07200135055288259,0.07044676028185946,0.08809543907036943,0.09410101171034813,0,0.023703551757344236,0.06912524973611242,0,False,0.06566358804702757,0.1448557764291763,0.07220550812780857,0.10862769931554794,1
OEM International,OEM B,58,51,7,48.1,48.1,0.1,0.1,available,upper_mid,0.123,0.15024805102763997,0.1493147291941876,0.028171509567682496,0.09218130779392338,0.1466301788328136,0.1493147291941876,0.11824603831222555,0.09218130779392338,0,0.03834075944008307,0.10154026779284953,0,False,outside_bounds,outside_bounds,outside_bounds,outside_bounds,3
Bahnhof,BAHN B,59,52,7,47.6,47.7,3.4,4.4,available,lower_mid,0.128,0.10943514496592152,0.12479724732493437,0.06480647667478899,0.11928576038733828,0.1259665996785223,0.12479724732493437,0.11522996446739518,0.11928576038733828,0,0.0515097594151848,0.14197887843502816,0,False,outside_bounds,0.24026524424552914,0.2241514027118683,0.2425101399421692,1
Attendo,ATT,42,53,-11,51.8,47.6,83.8,12.5,available,lower_mid,0.128,0.10064386742664133,0.07109136351013608,0.14724509183027232,0.092848604856139,0.08157110609480812,0.07109136351013608,0.10441534988713318,0.092848604856139,0,0.028713659884092836,0.0682718554335947,0,False,0.018696977198123924,0.18182355761528013,0.057016488164663315,0.11805180460214615,1
Catella B,CAT B,37,54,-17,53.0,47.5,91.6,0.9,available,small,0.133,0.14215445154943435,0.136003600360036,0.5135268076733891,-0.057335733573357334,0.08314707197139025,0.136003600360036,0.11682312621069885,-0.057335733573357334,2,0.451703263179067,1.3826346322388006,3,True,outside_bounds,outside_bounds,0.042633652687072754,0.33696800470352173,2
Mildef Group,MILDEF,60,55,5,47.4,47.3,1.8,0.3,available,lower_mid,0.128,0.1439900774261445,0.024938456598522958,0.050853191009546724,-0.24233829248278568,0.025810706326465642,0.024938456598522958,-0.14501751034702326,-0.24233829248278568,4,0.2853515640771689,0.7396444297349087,2,True,outside_bounds,outside_bounds,0.32479860819876194,outside_bounds,3
Mips,MIPS,57,56,1,48.2,46.5,,0.9,unavailable,lower_mid,0.128,0.3443609022556391,0.3753930817610063,-0.37894736842105264,0.0994496855345912,0.29133284777858703,0.3753930817610063,-0.16533139111434814,0.0994496855345912,2,0.3774714672161032,0.9647045028142589,3,True,unavailable,outside_bounds,unavailable,outside_bounds,3
Infrea,INFREA,50,57,-7,50.2,46.0,98.9,29.5,available,micro,0.138,0.01632458233890215,0.017349698356563345,0.09002386634844868,0.027595173705013524,0.00864854437603485,0.017349698356563345,0.05198771842397157,0.027595173705013524,1,0.058407706281019676,0.17961445238662893,1,True,outside_bounds,0.03561964035034179,outside_bounds,0.02333066239953041,1
Railcare,RAIL,52,58,-6,49.8,45.5,77.5,5.4,available,micro,0.138,0.1142223761690336,0.10685519957043137,0.17512989262209908,0.10373325439550606,0.10402923229158077,0.10685519957043137,0.11636224952585139,0.10373325439550606,0,0.05000315536807832,0.14430509697239013,0,False,0.052004837989807116,0.23887339830398557,0.07781144604086876,0.18788786977529526,1
Prevas,PREV B,55,59,-4,48.6,44.6,70.0,3.1,available,micro,0.138,0.062183109464258146,0.09477800558766165,0.05606299212598425,0.03879318715892097,0.08320578023114963,0.09477800558766165,0.04386904217022644,0.03879318715892097,1,0.04818428895884482,0.14026309111709717,2,True,0.03264009356498718,0.23486646413803103,0.05169750563800335,0.1359718292951584,1
ShaMaran Petroleum,SNM SDB,56,60,-4,48.4,44.4,,4.3,unavailable,small,0.133,0.46204647310269337,0.3540609116715046,-0.03223683237438803,0.3642967396339401,0.25707115671072006,0.3540609116715046,0.5184957891431057,0.3642967396339401,1,0.3455335310651034,0.9626917079510414,2,True,unavailable,0.05452537536621092,unavailable,outside_bounds,2
Byggmax,BMAX,63,61,2,46.8,43.8,60.3,11.0,available,small,0.133,0.05586139896373057,0.05729213584361769,0.1169041450777202,0.08158424165991052,0.03305334351478128,0.05729213584361769,0.11677757172466456,0.08158424165991052,0,0.03976272829611888,0.09891148952204919,0,False,-0.06908032298088074,0.04517992138862609,0.04617215692996979,0.10602934658527374,1
Karnell Group,KARNEL B,64,62,2,44.4,43.4,,0.3,unavailable,small,0.133,0.1351309786230584,0.11194168304294337,-0.12897934074947454,-0.14570593310553645,0.11617653323488064,0.11194168304294337,-0.07368568034117642,-0.14570593310553645,5,0.15718677842887746,0.3805851783784396,0,True,unavailable,outside_bounds,unavailable,0.4337843507528305,2
HMS Networks,HMS,65,63,2,43.6,43.3,5.5,0.2,available,upper_mid,0.123,0.24271079590228525,0.2204540632293656,0.22484896243761493,-0.1597001202348115,0.20888106821240038,0.2204540632293656,-0.28268295207535454,-0.1597001202348115,1,0.5650103098777677,1.4683059644346126,2,True,0.24793408140540119,outside_bounds,0.41165770776569843,outside_bounds,3
Sotkamo Silver,SOSI,61,64,-3,47.3,43.2,69.8,0.0,available,small,0.133,0.3353987925007944,0.04083177711603493,0.2387988560533842,0.008580225104729215,0.08908685968819599,0.04083177711603493,0.06318568011218345,0.008580225104729215,3,0.107925436058744,0.28463682836800563,2,True,-0.021457672119140632,outside_bounds,0.2973717451095581,0.40236544609069824,2
Haypp Group,HAYPP,68,65,3,42.8,42.7,2.9,0.9,available,small,0.133,0.008488639264743426,0.008744419014386965,0.02005803106773237,-0.015308300739804699,0.013405418814051301,0.008744419014386965,0.012521473846336117,-0.015308300739804699,2,0.05491948245986712,0.15010317822437014,1,True,outside_bounds,outside_bounds,0.047475879080593586,0.12117381580173969,2
Hanza,HANZA,62,66,-4,47.2,42.3,82.2,0.7,available,lower_mid,0.128,0.06534158533682456,0.0616506903568227,0.07355391573434897,-0.009073532132066613,0.06518410013982288,0.0616506903568227,-0.008722285105532992,-0.009073532132066613,5,0.0028981317120623006,0.00864233521728091,0,True,0.08050199151039122,outside_bounds,0.042769051156938076,0.17037714645266533,2
FM Mattsson,FMM B,69,67,2,42.2,41.8,8.8,1.6,available,small,0.133,0.09132924746307647,0.11577248044950418,0.1060484276097659,0.08324422919680484,0.0913456555536362,0.11577248044950418,0.10735878390050095,0.08324422919680484,0,0.037655264521621525,0.10108443035849522,0,False,0.11417595148086546,0.2800916314125061,0.1657179519534111,0.3042566627264023,1
Vitec Software,VIT B,66,68,-2,43.5,41.8,,0.3,unavailable,lower_mid,0.128,0.20525385171049368,0.1967685882616153,-0.16520037519811107,-0.29372883883958534,0.21316256846620768,0.1967685882616153,-0.21755463971157307,-0.29372883883958534,5,0.1782081544431823,0.5528524172951141,0,True,unavailable,outside_bounds,unavailable,0.4680961351841688,2
Systemair,SYSR,70,69,1,41.5,41.5,2.3,2.0,available,lower_mid,0.128,0.09068441216697193,0.09137204441630413,0.039383493165476256,0.04711743360361648,0.08626904977766264,0.09137204441630413,0.05781580537926865,0.04711743360361648,1,0.03901229187542364,0.10611381365777345,1,True,outside_bounds,outside_bounds,0.19413180276751518,0.23837292939424515,2
Scandi Standard,SCST,72,70,2,41.2,41.2,1.0,1.1,available,lower_mid,0.128,0.04700006841349114,0.03329120606632645,0.006020387220359855,0.01148634596618087,0.03898524076926899,0.03329120606632645,0.011230929781841674,0.01148634596618087,1,0.017754194767025,0.05492362891998672,2,True,outside_bounds,outside_bounds,0.10946318507194519,0.11391449812799692,2
Eniro,ENRO,71,71,0,41.3,40.6,14.7,2.8,available,micro,0.138,0.04786150712830957,0.02103697407564811,0.04073319755600815,0.04483637909052274,0.045125732001377886,0.02103697407564811,0.05304857044436789,0.04483637909052274,0,0.02232867947654903,0.05767372723894463,0,False,0.07655968666076658,0.15726525783538822,0.06842649728059769,0.07001892477273941,1
Thule,THULE,74,72,2,40.6,40.4,3.0,0.2,available,upper_mid,0.123,0.16568504393164044,0.17557328819570386,0.10147726175533456,0.04803933421996534,0.16036698508693562,0.17557328819570386,0.0552195725379699,0.04803933421996534,1,0.08399731875836976,0.2577942887332779,2,True,0.19903293848037718,outside_bounds,0.31267954036593437,0.46880657970905304,2
Ambea,AMBEA,79,73,6,39.3,40.1,1.3,14.7,available,lower_mid,0.128,0.08760429082240763,0.0738473617633802,0.039928486293206195,0.0913532140104977,0.08240463894174141,0.0738473617633802,0.09302799673824409,0.0913532140104977,0,0.026572861834028055,0.07136286174015383,0,False,0.29312791973352426,0.15755953490734098,0.15236037597060204,0.11545309983193874,1
SkiStar,SKIS B,76,74,2,39.9,39.6,5.0,0.2,available,lower_mid,0.128,0.17012308794438247,0.1606998539056915,0.13529497960745365,0.0809113798141183,0.15596826264267488,0.1606998539056915,0.08496284830401755,0.0809113798141183,1,0.07338994899378075,0.19361349404382536,2,True,0.1753843918442726,outside_bounds,0.29177018254995346,0.4552887976169586,2
Ellos Holding,ELLOS,67,75,-8,43.4,39.5,64.5,0.7,available,small,0.133,0.03890081580077286,0.018410791025678525,0.09148418491484185,0.027124387114683037,0.03110684614729972,0.018410791025678525,0.05908344362568878,0.027124387114683037,2,0.04821409302770196,0.11334146380159343,1,True,-0.04219827950000764,outside_bounds,0.027448249980807304,0.11120884120464325,2
Yubico,YUBICO,78,76,2,39.4,39.5,3.5,4.9,available,lower_mid,0.128,0.08470976875884852,0.12925328610049408,0.07630957999056158,0.6211584475311519,0.12925328610049408,,0.6211584475311519,,0,0.8235411168226466,1.7613969501884446,0,True,outside_bounds,0.22328237295150755,0.22761929407715797,0.26361700147390366,1
Gränges,GRNG,75,77,-2,40.4,38.9,,1.1,unavailable,lower_mid,0.128,0.05596433248113737,0.05710720634486531,-0.011847602419405126,0.00851223847942021,0.06335869652891674,0.05710720634486531,0.011090796655284597,0.00851223847942021,1,0.04759830747300547,0.14931590278983597,2,True,unavailable,outside_bounds,unavailable,0.13803940266370773,2
Vimian Group,VIMIAN,85,78,7,38.5,38.5,0.7,0.2,available,lower_mid,0.128,0.177866380043674,0.1375010636043997,0.03149250116590708,-0.2458276726736759,0.13872567437360442,0.1375010636043997,-0.1163912562385367,-0.2458276726736759,5,0.24331001881424894,0.5635118680502705,0,True,outside_bounds,outside_bounds,0.4057629704475403,outside_bounds,3
Careium,CARE,84,79,5,38.6,38.4,5.1,0.5,available,micro,0.138,0.05483342435827417,0.048006214396685655,0.03855816493719279,-0.03454168824443294,0.07554718757354671,0.048006214396685655,0.05491488193300384,-0.03454168824443294,2,0.14699465890680713,0.3874071245374933,1,True,0.1891627550125122,outside_bounds,0.08888444304466248,0.21502015739679337,2
AddLife,ALIF B,87,80,7,38.1,38.0,2.2,0.3,available,upper_mid,0.123,0.09716945288753799,0.08639713623920825,0.06268996960486323,-0.0017687934301958306,0.07559267418538125,0.08639713623920825,0.06773419261500016,-0.0017687934301958306,2,0.12201569068754853,0.331801878549496,1,True,0.2977762714028358,outside_bounds,0.2261504828929901,0.3579922802746296,2
Svedbergs Group,SVED B,73,81,-8,40.7,37.5,,0.2,unavailable,small,0.133,0.14034932566880387,0.13004229108316503,-0.018704399734689365,-0.07199526875481213,0.13352821839906712,0.13004229108316503,-3.1948371431768995e-05,-0.07199526875481213,2,0.3375941435110323,0.8927346353249128,3,True,unavailable,outside_bounds,unavailable,0.4093683138489723,2
Viva Wine,VIVA,83,82,1,39.0,37.1,,0.2,unavailable,small,0.133,0.05747702589807853,0.07544562005528549,-0.04928989139515455,-0.04951863502049376,0.05473868103071772,0.07544562005528549,0.008079778715970301,-0.04951863502049376,2,0.18735632077456812,0.5005304554600329,2,True,unavailable,outside_bounds,unavailable,0.21201839670538902,2
Rejlers,REJL B,81,83,-2,39.3,36.9,,1.1,unavailable,small,0.133,0.05651500957191153,0.06025646871659244,-0.030385727668934055,0.012813302731376632,0.0620232521437214,0.06025646871659244,0.013955795375123061,0.012813302731376632,1,0.04543044526613595,0.13702974360375633,2,True,unavailable,outside_bounds,unavailable,0.1411882760003209,2
Beijer Alma,BEIA B,89,84,5,36.8,36.7,1.9,0.2,available,lower_mid,0.128,0.14683991421723225,0.13695363758072848,0.045666708717043016,-0.015648563130679704,0.1366613235630868,0.13695363758072848,0.012548660407602472,-0.015648563130679704,2,0.043018831037884245,0.10762886734714433,1,True,outside_bounds,outside_bounds,0.28004666417837143,0.4180859364569187,2
Bilia,BILI A,80,85,-5,39.3,35.7,61.7,1.8,available,lower_mid,0.128,0.033253393329542365,0.04187220799017636,0.042796746359433334,0.024495585713378357,0.03289351106895442,0.04187220799017636,0.030115686241298126,0.024495585713378357,0,0.014555442298430386,0.04229461451341046,0,False,0.024031682312488548,0.25000596046447754,0.028545209672302008,0.07795874821022153,1
Humana,HUM,77,86,-9,39.6,35.6,80.5,12.6,available,small,0.133,0.0430193188607847,0.04964240639461506,0.07070304720175263,0.05378628523348759,0.04742452924180532,0.04964240639461506,0.05781940154760719,0.05378628523348759,0,0.020629868711133655,0.05993744399735083,0,False,-0.034987762570381165,0.11748096942901612,0.021375390700995922,0.07760009076446295,1
MEKO,MEKO,86,87,-1,38.2,35.6,98.8,55.4,available,small,0.133,0.0339131386062794,0.04839962039513416,0.08374357291324801,0.049336307726438,0.04196036461600915,0.04839962039513416,0.0638816105103886,0.049336307726438,1,0.04390473241291352,0.11849152530662077,2,True,outside_bounds,0.07488810271024704,outside_bounds,0.04605492111295462,0
Surgical Science,SUS,82,88,-6,39.3,35.0,73.5,1.8,available,small,0.133,0.06946875031981414,0.15817594053861425,0.09560652113843604,-0.6030621595479306,0.14581702473108926,0.15817594053861425,0.08313763010640457,-0.6030621595479306,2,2.977267170649983,7.563645141099479,2,True,0.026926660537719714,outside_bounds,0.0482211634516716,0.3323718383908272,2
Modern Times Group B,MTG B,91,89,2,36.0,34.4,26.9,0.3,available,lower_mid,0.128,0.09310119339545529,0.10187941399638126,0.05811672388425699,-0.260287165119944,0.11736327541305554,0.10187941399638126,-0.2597873884643299,-0.260287165119944,3,0.2824439569201609,0.7090084814349351,4,True,0.1955941557884216,outside_bounds,0.10722851939499378,0.3107707276940346,2
Nordisk Bergteknik,NORB B,88,90,-2,37.1,34.2,48.6,0.1,available,micro,0.138,0.03807887370784026,0.04542098654029393,0.04777873236704265,-0.0013440775400225921,0.03471558088825982,0.04542098654029393,0.02457824872805172,-0.0013440775400225921,2,0.043589972007363274,0.12166394076321838,1,True,0.010528481006622306,outside_bounds,0.03872992843389511,0.13701216876506805,2
W5 Solutions,W5,93,91,2,35.0,34.1,,0.2,unavailable,micro,0.138,0.03842175711852032,0.04260070428583698,-0.47271233876855673,-0.17449479147495123,0.027746956328770063,0.04260070428583698,-0.1764449307856536,-0.17449479147495123,3,0.23444903303553988,0.602937665780529,3,True,unavailable,outside_bounds,unavailable,0.3341480493545532,2
NCAB Group,NCAB,95,92,3,33.5,33.5,0.0,0.0,available,lower_mid,0.128,0.0996080913317592,0.11694056180593862,0.00781383121150897,0.006202970348552812,0.11417545262535744,0.11694056180593862,0.025823330522985456,0.006202970348552812,1,0.08451477956949788,0.24127956598788702,1,True,outside_bounds,outside_bounds,outside_bounds,outside_bounds,3
Inission,INISS B,94,93,1,33.5,33.3,2.8,0.8,available,small,0.133,0.05526842280760254,0.05033854837771109,0.02950983661220407,0.0020127937618980318,0.05858370530299354,0.05033854837771109,0.01345610353694629,0.0020127937618980318,2,0.04659312258505946,0.12781453765551892,3,True,0.2235802114009857,outside_bounds,0.09700834564864635,0.15985922329127789,2
Swedencare,SECARE,92,94,-2,35.4,32.7,46.2,0.2,available,small,0.133,0.06643689961135146,0.07105172425648283,0.0886558627264061,-0.5774616343478061,0.07114937671667018,0.07105172425648283,0.03568032960067611,-0.5774616343478061,3,1.1628464202242796,2.5164493994201873,2,True,0.14375894069671627,outside_bounds,0.0695633739233017,0.3564990535378456,2
New Wave,NEWA B,96,95,1,33.5,32.3,,1.4,unavailable,lower_mid,0.128,0.11108924530158418,0.14547495898957483,-0.031486765718783824,0.0342246564536515,0.13697239561468105,0.14547495898957483,0.04953098008988115,0.0342246564536515,2,0.09877548031807591,0.2763992037690599,3,True,unavailable,outside_bounds,unavailable,0.2890819441527128,2
Teqnion,TEQ,97,96,1,32.9,31.7,,0.5,unavailable,small,0.133,0.09416688464556631,0.09689786894650679,-0.03327229924143343,-0.04075167559852799,0.09108108663910996,0.09689786894650679,-0.04328870791946861,-0.04075167559852799,5,0.019570875329595287,0.051735218738160504,0,True,unavailable,outside_bounds,unavailable,0.33899117447435856,2
Inwido,INWI,99,97,2,32.1,31.2,,1.5,unavailable,lower_mid,0.128,0.09108672461686329,0.10493279646118074,-0.056601780753915865,0.047179719843475305,0.0992323988840318,0.10493279646118074,0.025251018246378328,0.047179719843475305,1,0.041786790578203524,0.12521997359839107,1,True,unavailable,outside_bounds,unavailable,0.26556137949228287,2
ITAB Group,ITAB,90,98,-8,36.7,30.9,98.2,0.8,available,small,0.133,0.04781186731038779,0.054328404588652665,0.05232829777293257,0.008441877929409328,0.05767722710163112,0.054328404588652665,0.007920326223337515,0.008441877929409328,2,0.072529852687682,0.1912743278370336,2,True,-0.03128809928894044,outside_bounds,0.012855807319283485,0.08892795816063881,2
Studsvik,SVIK,98,99,-1,32.7,30.8,,0.4,unavailable,small,0.133,0.05886265380778184,0.07816391887083382,-0.01341314710120829,0.030269244454987545,0.06486320319704889,0.07816391887083382,0.027513064863203193,0.030269244454987545,2,0.0747451117257943,0.19873543247136813,4,True,unavailable,outside_bounds,unavailable,0.3253450822085142,2
Better Collective,BETCO,100,100,0,30.6,30.4,2.7,0.2,available,lower_mid,0.128,0.15625981641129455,0.20830880091661058,0.08554943712529835,-0.2357991698413601,0.18689732794630762,0.20830880091661058,-0.10576962233923184,-0.2357991698413601,4,0.39060485974127684,1.1089287246829143,1,True,0.2513527810573578,outside_bounds,0.2703651003539562,0.4926077052950859,2
HAKI Safety B,HAKI B,102,101,1,29.4,29.4,0.8,0.3,available,micro,0.138,0.06285253827558421,0.07525697503671072,0.014504431909750202,-0.034140969162995596,0.06965174129353234,0.07525697503671072,0.016973953760608722,-0.034140969162995596,3,0.08285796192888517,0.2479907522715742,3,True,outside_bounds,outside_bounds,0.14034076035022736,0.2592332288622856,2
Green Landscaping,GREEN,103,102,1,29.2,29.2,0.1,0.1,available,small,0.133,0.04642857142857143,0.06056113352725908,0.0017857142857142857,-0.01649619968096087,0.06178477408263042,0.06056113352725908,0.013700102079191962,-0.01649619968096087,3,0.052131562838669245,0.13102013779498767,2,True,outside_bounds,outside_bounds,0.09256644546985626,0.15081875957548618,2
Bergman & Beving,BERG B,104,103,1,26.8,26.8,1.4,0.6,available,lower_mid,0.128,0.08220255653883972,0.07515476681799423,0.03264503441494592,0.015889393314073463,0.07972527102552017,0.07515476681799423,0.019931317756380042,0.015889393314073463,1,0.023933954745388522,0.07079657856312005,1,True,outside_bounds,outside_bounds,0.22986386343836784,0.31016899459064007,2
Observit,OBSE,105,104,1,26.7,26.4,,0.4,unavailable,micro,0.138,0.02864816472694718,0.03824886708518688,-0.049239033124440466,-0.08398120816530164,0.023102132917853114,0.03824886708518688,-0.022027615107720413,-0.08398120816530164,4,0.15632295121544404,0.4437320305337864,2,True,unavailable,outside_bounds,unavailable,outside_bounds,3
Fasadgruppen,FG,101,105,-4,29.9,24.8,84.5,0.0,available,small,0.133,0.0073479538774587376,0.05599875404502743,0.06501997136182079,-0.04712997733054148,0.041480686832308454,0.05599875404502743,0.0024392891579343976,-0.04712997733054148,3,0.09806822121832122,0.23187411802409563,3,True,-0.020726442337036136,outside_bounds,outside_bounds,0.18968290090560913,2
4C Group,4C,106,106,0,24.1,23.2,,0.1,unavailable,micro,0.138,0.012513855667697334,0.04440633326187486,-0.15352079808645938,-0.09853918476097141,-0.0031511285099801844,0.04440633326187486,-0.20482335314871203,-0.09853918476097141,4,0.1662040185033984,0.4627282842597953,1,True,unavailable,outside_bounds,unavailable,0.37580975890159607,2
Verve Group Media,VER,108,107,1,21.8,20.5,,0.1,unavailable,small,0.133,0.10488380351154075,0.15643333353853353,-0.016751232984809628,-0.13376516246138206,0.1844218117651572,0.15643333353853353,-0.013483067047714039,-0.13376516246138206,4,0.3195236000583595,0.9093118570093551,2,True,unavailable,outside_bounds,unavailable,0.3118935599923134,2
Sdiptech,SDIP B,107,108,-1,22.4,20.2,36.3,0.4,available,lower_mid,0.128,0.07040913415794481,0.14653651814423518,0.12844909609895339,-0.09795130914101975,0.1414565917023357,0.14653651814423518,-0.019316320121220757,-0.09795130914101975,4,0.13373013824653007,0.3379921275229088,1,True,0.16718070805072782,outside_bounds,0.08438029699027538,0.393226963467896,2
Troax Group,TROAX,109,109,0,18.3,18.0,,0.0,unavailable,lower_mid,0.128,0.0817350865939705,0.16363684525463065,-0.16808851828094934,0.06229330935286003,0.14711882914654054,0.16363684525463065,0.03800593895026547,0.06229330935286003,1,0.05108920441404029,0.14781931178545735,1,True,unavailable,outside_bounds,unavailable,outside_bounds,3
Gentoo Media,G2M,110,110,0,16.3,15.3,16.9,0.1,available,micro,0.138,0.1776658270361041,0.2051552784924327,0.14818546506203936,-0.09087276691683105,0.2669136390093962,0.2051552784924327,-0.10201372302204685,-0.09087276691683105,4,0.0726657224275072,0.20179931072384855,1,True,0.036132884025573714,outside_bounds,0.2461581528186798,outside_bounds,3
EQL Pharma,EQL,111,111,0,16.0,14.8,,0.3,unavailable,micro,0.138,0.033791285040244236,0.13152797972425448,-0.07523822740309002,-0.2070217987252947,0.13890783388611203,0.13152797972425448,-0.3616387163077498,-0.2070217987252947,3,0.28595583294132365,0.7723671925912752,1,True,unavailable,outside_bounds,unavailable,0.39475204050540924,2
